episode,total_reward,loss
195,16.0,0.7783626120537519
196,12.0,0.668021400924772
197,18.0,0.8710936956107617
198,16.0,0.7757804222404957
199,17.0,0.7861050970852375
